{"cameraMode":{"drawMode":0,"name":"Shaded","section":"Shading Mode"},"sceneLighting":false,"audioPlay":false,"sceneViewState":{"showFog":true,"showMaterialUpdate":false,"showSkybox":true,"showFlares":true,"showImageEffects":true,"showParticleSystems":true},"in2DMode":false,"pivot":{"x":22.155920028686525,"y":17.086082458496095,"z":-6.355715751647949},"rotation":{"x":-0.11173024773597717,"y":0.7432833909988403,"z":-0.12836293876171113,"w":-0.646969199180603},"size":27.015300750732423,"orthographic":false}