{"cameraMode":{"drawMode":0,"name":"Shaded","section":"Shading Mode"},"sceneLighting":false,"audioPlay":false,"sceneViewState":{"showFog":true,"showMaterialUpdate":false,"showSkybox":true,"showFlares":true,"showImageEffects":true,"showParticleSystems":true},"in2DMode":false,"pivot":{"x":6.03000020980835,"y":-0.488790363073349,"z":36.73999786376953},"rotation":{"x":0.12951184809207917,"y":-0.26972919702529909,"z":0.03663991764187813,"w":0.9534833431243897},"size":3.0843563079833986,"orthographic":false}