{"cameraMode":{"drawMode":0,"name":"Shaded","section":"Shading Mode"},"sceneLighting":false,"audioPlay":false,"sceneViewState":{"showFog":true,"showMaterialUpdate":false,"showSkybox":true,"showFlares":true,"showImageEffects":true,"showParticleSystems":true},"in2DMode":false,"pivot":{"x":-4.686820983886719,"y":-2.0891265869140627,"z":5.141514778137207},"rotation":{"x":0.2213766723871231,"y":-0.35381075739860537,"z":0.08658622205257416,"w":0.9046066403388977},"size":20.92825698852539,"orthographic":false}