{"cameraMode":{"drawMode":0,"name":"Shaded","section":"Shading Mode"},"sceneLighting":true,"audioPlay":false,"sceneViewState":{"showFog":true,"showMaterialUpdate":false,"showSkybox":true,"showFlares":true,"showImageEffects":true,"showParticleSystems":true},"in2DMode":false,"pivot":{"x":-1.2694138288497925,"y":-51.026954650878909,"z":91.5548324584961},"rotation":{"x":0.34411972761154177,"y":0.006481317803263664,"z":-0.002375477459281683,"w":0.9389004111289978},"size":81.66370391845703,"orthographic":false}